{
  "id": "pf2e-vore-rules",
  "title": "PF2e Vore Rules",
  "version": "1.0.8",
  "manifest": "https://github.com/Dracon-Kitsune/PF2e-Vore-Rules/releases/latest/download/module.json",
  "download": "https://github.com/Dracon-Kitsune/PF2e-Vore-Rules/releases/download/1.0.8/module.zip",
  "compatibility": {
    "minimum": "12",
    "verified": "13"
  },
  "relationships": {
    "systems": [
      {
        "id": "pf2e",
        "type": "system",
        "compatibility": {}
      }
    ]
  },
  "description": "<p>A somewhat automated set of PF2e Vore feats, based upon the rules found <a href=\"\\&quot;https://aryion.com/forum/viewtopic.php?f=79&amp;t=64783\\&quot;\">here</a>.</p>",
  "authors": [
    {
      "name": "Gwen Greenears",
      "flags": {}
    }
  ],
  "flags": {
  "pf2e-vore-rules": {
    "pf2e-homebrew": {
      "weaponGroups": {
        "vore": "Vore"
      },
      "featTraits": {
        "vore": "Vore",
        "predator": "Predator",
		"prey": "Prey"
      },
      "spellTraits": {
        "vore": "Vore",
	"predator": "Predator"
      },
      "weaponTraits": {
        "vorish": "Vorish"
      }
    }
  }
},
  "packs": [
    {
      "name": "vore-rules",
      "label": "Vore Rules",
      "path": "packs/vore-rules",
      "type": "Item",
      "ownership": {
        "PLAYER": "OBSERVER",
        "ASSISTANT": "OWNER"
      },
      "system": "pf2e",
      "flags": {}
    }
  ]
}